{
    "task1_01.pcm": "그럼 나 (3시)/(세 시) (20분)/(이십 분) 까지 가면 돼?",
    "task1_02.pcm": "b/ 연신내가 b/ 연신내가 진짜+ 먹을게 진짜 많아.",
    "task1_03.pcm": "방금 중고등학교때 얘기했어? l/ 아니 그건 너무 옛날이잖아.",
    "task1_04.pcm": "그거 회원 등록하면 한번에 다 이용 가능한거야?",
    "task1_05.pcm": "o/ 아/ 그러면 근데 b/ 십자인대수술 기준이 그거거든. (70%)/(칠 십 퍼센트) 이상이 찢어져야 수술을 하거든.",
    "task1_06.pcm": "o/ 아니? 우리 (8명)/(여덟 명) 절대평가야. b/",
    "task1_07.pcm": "b/ 지금 지상파 (3사)/(삼 사)만 했잖아 KBS, SBS, MBC만 근데 거기 케이블이랑 종편 이런데도 다 진출했어.",
    "task1_08.pcm": "아/ 그래? b/ 나+ 나 사실 나 그/ 뭐지/ MBC가증체* 가고싶긴 한데 내가 b/ 그/ 뭐지?",
    "task1_09.pcm":"그래서 나중엔 (1일 1식)/(일 일 일 식) 하는것도 나쁘지 (않은 것)/(아는것) 같애.",
    "task1_10.pcm": "b/ 그래서 우리는 근데 나는 (3학년)/(삼 학년) 올라갈 때부터 얘기했어. 나는 얘네 밥 안 사줄 거라고 졸업식날 왜냐면 나도 (2학년)/(이 학년) 때 b/ 급식 먹었거든 b/ 언니들이 안사줘서."
}