{
    "task3_01.wav": [
        {"beg": 3.72, "end": 7.84},
        {"beg": 11.54, "end": 16.24}
        ],
    "task3_02.wav": [
        {"beg": 3.72, "end": 7.84},
        {"beg": 11.54, "end": 16.24},
        {"beg": 17.13, "end": 19.12}
        ],
    "task3_03.wav": [
        {"beg": 3.72, "end": 7.84}
        ],
    "task3_04.wav": [
        {"beg": 3.72, "end": 7.84},
        {"beg": 5.72, "end": 6.84},
        {"beg": 7.72, "end": 8.84},
        {"beg": 11.54, "end": 16.24}
        ],
    "task3_05.wav": [
        {"beg": 3.72, "end": 7.84},
        {"beg": 11.54, "end": 16.24}
        ]
}