{
    "task3_01.pcm": [
        {"beg": 2.53, "end": 7.67}
    ],
    "task3_02.pcm": [
        {"beg": 7.14, "end": 11.35}
    ],
    "task3_03.pcm": [
        {"beg": 2.87, "end": 7.19}
    ],
    "task3_04.pcm": [
        {"beg": 3.78, "end": 8.73}
    ],
    "task3_05.pcm": [
        {"beg": 1.56, "end": 5.53},
        {"beg": 7.79, "end": 11.94},
        {"beg": 17.94, "end": 22.5},
        {"beg": 29.7, "end": 33.84},
        {"beg": 37.02, "end": 41.11},
        {"beg": 49.83, "end": 53.87},
        {"beg": 62.88, "end": 68.38},
        {"beg": 72.32, "end": 77.08},
        {"beg": 78.58, "end": 83.45}
    ]
}